-0.057409003	0.98832315	0.9993434	-0.9976243	-0.6670654	0.94691765	-0.99988365
-0.2646057	-0.14035313	0.38627893	0.17482585	-0.2146714	-0.26682153	-0.99475414
0.13012876	0.14739768	0.24771024	-0.12747605	-0.14083742	-0.17118694	-0.98502576
-0.25874528	-0.040231407	0.9457521	-0.6618485	-0.56126785	0.9347892	-0.9845813
-0.35223466	-0.36738855	0.9146794	-0.342932	-0.5098291	0.8426926	-0.9951901
-0.5047313	-0.5165282	-0.010272531	0.45031783	0.12733534	0.22823326	-0.9983864
-0.28426862	0.46252704	0.3701451	-0.31043485	0.17620526	0.17056341	-0.9988379
-0.33594984	0.58620954	0.9048455	-0.7236276	-0.52163535	0.86106116	-0.99463296
-0.009316116	0.77161247	0.964633	-0.84290904	-0.6379217	0.7817687	-0.9789707
-0.05052002	0.34401062	0.76625127	-0.2973431	-0.6377783	0.19092037	-0.9467016
0.026301872	0.5246023	0.6980627	-0.48110926	-0.42982367	0.14243363	-0.97219664
0.0375801	0.52124447	0.8240921	-0.57980424	-0.5526744	0.5245827	-0.9834902
-0.09956058	0.4973254	0.86409867	-0.6469879	-0.52588356	0.6209426	-0.9927619
-0.09375987	0.28401288	0.84082586	-0.5724929	-0.52917933	0.737798	-0.996412
-0.2593308	0.02946662	0.78300416	-0.40838826	-0.34215263	0.6461385	-0.99446625
-0.27833343	-0.3780185	0.6024707	0.023305755	-0.28273618	0.59656805	-0.97820836
-0.08870231	0.5431215	0.85129756	-0.6699052	-0.17242925	0.5671604	-0.976893
-0.034690134	0.55283964	0.8848803	-0.7390344	-0.15063612	0.7727427	-0.98791236
-0.24297304	0.021429222	0.57365906	-0.28852612	-0.20302136	0.6329323	-0.99420726
-0.28033587	-0.66500014	-0.019529212	0.46574947	-0.31092834	0.6088441	-0.9896653
-0.17863606	-0.5071673	0.13418789	0.40256172	-0.34111175	0.44311905	-0.9803348
-0.25393608	0.18684229	0.74198776	-0.44521835	-0.39688537	0.79601747	-0.98256665
-0.20474717	0.42975628	0.9069962	-0.67887324	-0.4288672	0.77072537	-0.9887538
-0.038365033	0.477908	0.8011949	-0.55349004	-0.38476613	0.5066955	-0.9955711
-0.008838453	0.6321496	0.70313644	-0.63696265	-0.14249186	0.2135644	-0.99289024
0.10565499	0.41283834	0.77060264	-0.6041663	-0.38618776	0.65253615	-0.9871609
0.06712731	-0.16172843	0.69464624	-0.35886085	-0.48317593	0.8182257	-0.9904479
0.21862094	0.4176116	0.75780404	-0.58613724	-0.512249	0.75402486	-0.98852634
0.08789275	0.50009674	0.73077035	-0.6463611	-0.38093203	0.6974818	-0.9924929
-0.10972829	0.21409261	0.49844903	-0.31554237	-0.37278384	0.55927664	-0.9864817
-0.17869036	-0.11985516	0.5721343	-0.2387594	-0.42592663	0.7381152	-0.99026287
-0.12323068	-0.07307299	0.7953337	-0.43652472	-0.539621	0.8446932	-0.9885654
-0.3186023	-0.35404956	0.4968494	0.047454517	-0.22639844	0.5115532	-0.98416835
-0.18250552	-0.28483468	0.33775452	0.040015165	-0.057732653	0.5214904	-0.9669316
-0.15605235	0.2539888	0.63219786	-0.38410777	-0.07720042	0.40233457	-0.9802163
-0.09459999	0.48357555	0.80173594	-0.59322226	-0.34633017	0.533772	-0.9757953
-0.12472366	0.23802638	0.69728905	-0.50267667	-0.2935493	0.58012724	-0.99377126
-0.20732003	-0.38771498	0.36153558	0.08366515	-0.4096588	0.5765218	-0.9896549
-0.34217963	-0.6097888	-0.055936396	0.50410444	-0.26451188	0.20559093	-0.98453635
-0.28060806	-0.5738677	0.031790834	0.40540892	-0.19687656	0.4274635	-0.9212468
-0.28450567	-0.116839334	0.48597553	-0.04376133	-0.04831595	0.47156128	-0.9785828
-0.35952818	-0.09539848	0.49908406	-0.1205754	-0.079286315	0.6056803	-0.9921808
-0.303608	0.22396907	0.5402047	-0.30860072	-0.24015372	0.48705357	-0.99182117
-0.32223323	0.27075315	0.60591924	-0.33072683	-0.42751285	0.5851831	-0.9821802
-0.16398726	0.23090823	0.55391186	-0.22114812	-0.54568344	0.48439166	-0.9065343
-0.026269976	0.48937488	0.776727	-0.47704402	-0.63212633	0.44544208	-0.82230633
-0.05375857	0.45292574	0.77889305	-0.5395889	-0.51668805	0.4912731	-0.89467406
0.025056094	0.50714916	0.7330588	-0.48951507	-0.48375255	0.3631083	-0.9391512
-0.1316649	-0.09242903	0.44456318	-0.15453644	-0.27792278	0.52680415	-0.9839671
-0.15138485	-0.47162473	0.20347235	0.24174303	-0.3734922	0.54747385	-0.9685406
-0.32388756	-0.5523852	0.33453065	0.3181378	-0.38083616	0.46273232	-0.95058805
-0.2644679	-0.25917572	0.73017395	-0.12397227	-0.46078596	0.6515728	-0.8613561
-0.3733998	0.058749534	0.7975366	-0.3822007	-0.17428698	0.5479586	-0.9731543
-0.33519697	0.09017887	0.7388523	-0.35658753	-0.13751556	0.56580585	-0.98382884
-0.42961794	-0.2707056	0.16703713	0.07067246	0.22998516	0.33477303	-0.9958255
-0.38924164	-0.24323867	0.019228065	0.056964166	0.18952207	0.5692205	-0.9958114
-0.14365162	-0.15823652	0.717684	-0.32310522	-0.44597164	0.8788209	-0.97324854
-0.033210367	-0.040158123	0.87962794	-0.4882475	-0.687948	0.89009243	-0.9173941
-0.21912575	-0.35837093	0.35463217	0.1601391	-0.37634754	0.31972632	-0.8960702
-0.18714151	0.07288691	-0.044480495	0.074143134	-0.10830163	0.037590247	-0.90148413
-0.16080661	-0.013935707	0.45222875	-0.17904302	-0.2094174	0.5741856	-0.9482607
-0.047689267	0.087231494	0.78602886	-0.49816546	-0.441761	0.81056136	-0.9811485
0.016977943	0.3058509	0.76773125	-0.54765403	-0.3909929	0.70775276	-0.9764118
0.1395612	0.62725884	0.7247976	-0.6089014	-0.35025704	0.3741536	-0.95077103
0.035248242	0.39236015	0.6112474	-0.562608	-0.29466876	0.55298156	-0.9716586
0.15625297	0.26861885	0.6837403	-0.53669095	-0.36331752	0.75492287	-0.9785854
0.09774971	0.07896988	0.61477077	-0.44193673	-0.42239544	0.8014287	-0.98733294
0.13917762	0.4970795	0.7288953	-0.62279445	-0.44544202	0.69470805	-0.97989434
0.035089623	0.39850774	0.6104959	-0.5396645	-0.2828906	0.6687438	-0.95853573
-0.046134867	0.3019598	0.525042	-0.393778	-0.2791701	0.5917592	-0.952143
-0.16058585	-0.11313601	0.5666536	-0.2312986	-0.3700305	0.70046014	-0.9602378
-0.06793773	-0.07784499	0.6955921	-0.32012385	-0.38349333	0.74357957	-0.9626034
-0.2695665	-0.44152588	0.29561636	0.2086646	-0.073453926	0.38534227	-0.9528538
-0.15122627	-0.38552862	0.10030634	0.25120482	0.13428007	0.27607146	-0.9138317
-0.007505365	-0.077264175	0.44297004	-0.1394492	0.07134796	0.4670751	-0.9555135
-0.0016636535	-0.015490827	0.6111425	-0.24455653	-0.11665102	0.5060245	-0.96282077
-0.21648459	-0.1898689	0.48246482	-0.05659469	-0.07263324	0.18395513	-0.9815389
-0.25430915	-0.30429226	0.41171417	0.07980451	-0.2495015	0.20323293	-0.9650929
-0.41067582	-0.4585943	0.20300764	0.3285167	0.045942992	-0.12155036	-0.9785051
-0.3568968	-0.38246515	0.090316474	0.255265	0.30865684	0.056764178	-0.979113
-0.25109398	-0.18158484	0.39867094	-0.0357838	0.38904256	0.32143283	-0.9888404
-0.24518453	-0.15525688	0.39800385	-0.08522426	0.42315567	0.4527173	-0.9892671
-0.058763523	-0.048107535	0.33609638	-0.05562071	0.27387252	0.3192283	-0.97057486
-0.06751162	-0.20749588	0.38349423	0.008214036	0.06389191	0.4363127	-0.9266458
-0.0856227	-0.3392431	0.41380218	0.12619258	-0.21063565	0.35753533	-0.86829346
-0.13432565	-0.39338017	0.4432824	0.13663852	-0.34293044	0.45965868	-0.8502255
-0.28201377	-0.39775404	0.41766953	0.1486652	-0.09092387	0.33635595	-0.95447344
-0.22444493	0.009881473	0.4331038	-0.22090489	0.117850766	0.63061786	-0.98810774
-0.19335315	0.32638815	0.62970877	-0.44451714	-0.16678596	0.6516958	-0.9889472
-0.092016	0.51736677	0.7041655	-0.57272196	-0.24773541	0.67064315	-0.9752845
-0.07776783	0.39146328	0.8134779	-0.6146661	-0.4350599	0.7212561	-0.9661104
-0.077659704	0.19131729	0.84738755	-0.55393434	-0.47785962	0.77369714	-0.97333205
-0.19799191	0.08294918	0.58892	-0.2841073	-0.21271925	0.40891865	-0.98295254
-0.00085195876	0.55226177	0.6411805	-0.5065484	-0.18519956	0.24855594	-0.92727315
-0.109026834	0.5455879	0.7649114	-0.63778865	-0.1398193	0.45585155	-0.95608175
-0.16650109	-0.077628784	0.653786	-0.2650979	-0.16142012	0.64321446	-0.9713279
-0.2947211	-0.550405	0.057248898	0.35838124	0.03215137	0.28835425	-0.9813432
-0.22544965	-0.5514538	-0.027148943	0.3844266	-0.030052014	0.3982786	-0.9517975
-0.2984534	-0.34672722	0.38309926	0.14887623	-0.010386406	0.35069484	-0.9688077
-0.28132278	-0.36955988	0.583611	-0.027617076	-0.13605158	0.66743904	-0.97195584
-0.11327393	0.06475043	0.6856069	-0.3955366	-0.013371326	0.6916278	-0.99441
0.057053022	0.288932	0.6387632	-0.48332468	-0.22537549	0.72634506	-0.996831
-0.034420922	0.18815766	0.5949647	-0.4245938	-0.3479712	0.6072327	-0.9938881
-0.1291306	-0.18038169	0.4428026	-0.09625305	-0.45023346	0.6122901	-0.97540355
-0.061384797	0.24283126	0.6218393	-0.36656508	-0.34262896	0.5074133	-0.9569995
0.0007062553	0.47711915	0.80305016	-0.6358791	-0.3438422	0.71283317	-0.9671249
-0.16870019	0.19642483	0.6035467	-0.42182627	-0.29845563	0.6461908	-0.98611104
-0.24013764	0.055352394	0.35931274	-0.16530357	-0.28013444	0.57397634	-0.9860616
-0.14829919	-0.14069574	0.013517598	0.23272249	-0.45741588	0.2921846	-0.92362225
0.08487737	-0.117348544	0.029681401	0.19723193	-0.531976	0.3249482	-0.77850395
0.011738208	-0.11298643	0.39171246	-0.10303473	-0.42729813	0.6438123	-0.96180594
-0.025290787	-0.19567282	0.30672058	-0.09758959	-0.10990368	0.69691956	-0.997032
-0.04619512	-0.22795266	-0.19849186	0.20506002	0.15612528	0.21790692	-0.99729353
0.025408847	-0.21404952	-0.53006697	0.37499145	0.23671676	-0.060022194	-0.98720175
0.04400149	-0.117296204	-0.063892506	0.2008539	-0.016102443	0.030558314	-0.95325375
-0.016013058	-0.211754	0.47649786	-0.046736307	-0.38576692	0.47518757	-0.94811386
-0.03960084	-0.00046458837	0.6579566	-0.31266755	-0.46651208	0.53420305	-0.9693164
-0.061065327	0.038697697	0.591525	-0.28659293	-0.4444378	0.51992863	-0.97829235
-0.12366151	-0.20555654	0.3437054	-0.07339232	-0.3270453	0.4566482	-0.97342855
0.004160857	-0.33068052	0.21893072	0.053140808	-0.3027008	0.57498294	-0.91082007
-0.023363242	-0.33777577	0.0041778674	0.21877295	0.04556348	0.2538498	-0.93364984
0.008091601	-0.43969628	-0.07622568	0.2871071	0.20430239	0.18027373	-0.934323
-0.00982396	-0.3015435	0.20373054	0.023216978	0.35938582	0.3469179	-0.98692447
0.12644288	-0.20483637	0.36633116	-0.16509424	0.06047267	0.67208123	-0.9938194
0.01893589	-0.13403924	0.46336463	-0.21863915	-0.20993234	0.5805929	-0.99464947
-0.15605055	-0.09715445	0.48307005	-0.10999603	-0.4219757	0.3483579	-0.9754376
-0.37199858	-0.24073972	0.50960743	0.0023895456	-0.37900066	0.16353197	-0.9654337
-0.4468658	-0.34987226	0.5096921	0.07368741	-0.24202196	0.20664257	-0.9405456
-0.41381347	-0.27107415	0.22966412	0.18365242	0.29183877	-0.04594613	-0.9870542
-0.34740317	-0.31476384	0.025245711	0.18364602	0.53260905	0.24352436	-0.9923351
0.02271631	0.16338816	0.5168373	-0.2943757	0.19444136	0.5234421	-0.9854313
0.06784782	0.22282861	0.75238514	-0.4920082	-0.28803614	0.7390146	-0.97546935
0.16513109	0.42240494	0.56311166	-0.3962195	-0.45611715	0.3768988	-0.90284586
0.102961645	0.59316176	0.01806886	-0.11118199	-0.1991091	-0.5386019	-0.849394
0.008703399	0.42084736	-0.14201643	0.09890418	0.16893949	-0.7301085	-0.90916324
0.0048469817	-0.051122017	-0.3561842	0.41336003	0.41145104	-0.6423149	-0.95828986
0.066120006	-0.28928128	-0.38405895	0.5991294	0.42733097	-0.6582445	-0.9733154
0.21557586	-0.5615177	-0.72655845	0.80222726	0.026472433	-0.68674344	-0.9829269
0.30308825	-0.54155207	-0.86454105	0.83022463	-0.081651546	-0.69442946	-0.99210656
0.1599449	-0.3069028	-0.5265355	0.57478195	-0.46292275	-0.4557616	-0.9942044
0.051117383	0.019444697	0.7675865	-0.49575424	-0.5900913	0.83220464	-0.9990173
0.18346593	0.32035616	0.83287716	-0.6350603	-0.6199163	0.8378854	-0.9997195
0.19899873	0.65899616	0.6163865	-0.620809	-0.5063696	0.27875876	-0.99593437
0.17495105	0.7537107	0.64059156	-0.6428711	-0.556362	-0.050965607	-0.8969948
-0.019704564	0.5418396	0.7156108	-0.6164617	-0.46586952	0.24743278	-0.8595411
0.017085409	0.43900514	0.8380954	-0.63194376	-0.4516408	0.5841141	-0.90990555
-0.12740916	-0.10012083	0.6166054	-0.34747568	-0.12560466	0.7285527	-0.9939856
-0.09910161	-0.2170586	0.42501697	-0.17172526	-0.074646994	0.779875	-0.995964
0.023301018	-0.011875191	0.52343726	-0.29101297	-0.2829728	0.793536	-0.9866983
0.04455229	0.14946915	0.70371586	-0.45222548	-0.44295153	0.8102682	-0.9225074
-0.09046724	0.12100035	0.41583386	-0.23570238	-0.40478015	0.5725827	-0.9334373
-0.2062952	0.05241196	0.106495544	0.03556734	-0.32829258	0.30563393	-0.9188122
-0.22733282	0.04747043	0.21784003	-0.018617162	-0.4118393	0.42627636	-0.9401453
-0.31813985	0.18501814	0.584856	-0.32716376	-0.28595042	0.6386019	-0.95163876
-0.17632732	0.23822932	0.8257903	-0.56659555	-0.28253064	0.82325643	-0.96836835
-0.13485742	-0.05276855	0.7209518	-0.29500705	-0.27870926	0.74956167	-0.97746277
0.036344875	0.052811243	0.43121618	-0.22326353	-0.22719114	0.5484989	-0.96570563
0.097346365	0.15866773	0.49390528	-0.31666404	-0.32038522	0.5963942	-0.8988273
0.11684786	0.1618554	0.6456831	-0.4797196	-0.43214512	0.7632268	-0.961847
0.11496769	0.15076032	0.6892287	-0.48525488	-0.50629526	0.80437255	-0.9752806
0.095777914	0.35502917	0.60018325	-0.49398404	-0.50157636	0.5843101	-0.980774
-0.07914753	0.5028202	0.7154007	-0.5938289	-0.48356453	0.4874964	-0.97407526
-0.13282624	0.534869	0.7477202	-0.6156863	-0.34317303	0.33788776	-0.966978
-0.16835833	0.43839583	0.7925585	-0.5471218	-0.3698102	0.39979583	-0.93949324
-0.24590656	0.019567525	0.57483953	-0.34956655	0.043498974	0.5331815	-0.98775643
-0.21723875	-0.29844278	0.47684178	-0.15460695	0.04857966	0.7642572	-0.99289644
-0.032314103	-0.19357364	0.42556775	-0.15455869	-0.1685805	0.7645766	-0.99120915
0.03170426	0.25322458	0.46706337	-0.2799005	-0.4130026	0.5506151	-0.88476056
-0.0039750426	0.5657325	0.5833207	-0.5525021	-0.44258007	0.3491106	-0.8899742
-0.010186946	0.62853	0.7257712	-0.627671	-0.32872766	0.4150607	-0.89868927
0.05413584	0.43423045	0.616204	-0.5653379	-0.16443692	0.58974475	-0.97122216
-0.02957706	-0.040969286	0.45539254	-0.30230734	-0.06897167	0.7504945	-0.9939337
0.0014687468	-0.28852728	0.3738809	-0.12784901	-0.20552501	0.8124295	-0.9911443
0.03197596	-0.31141528	0.45810115	-0.08877174	-0.41865522	0.81720513	-0.95251834
0.18740335	0.14308697	0.4991404	-0.36328733	-0.4704877	0.7786829	-0.90510637
0.22638272	0.39935738	0.40208116	-0.45106247	-0.46223396	0.7105317	-0.8967411
0.06702222	0.0925745	0.1205286	-0.22002076	-0.3961041	0.64939386	-0.9628364
-0.18083207	-0.275522	-0.14649163	0.16738255	-0.2002376	0.54110444	-0.9821085
-0.09411706	-0.21613432	0.34661764	0.03366034	-0.26949587	0.596911	-0.9443533
-0.12568872	-0.3547454	0.61518705	-0.045251336	-0.3355159	0.72634375	-0.9244666
-0.015016798	-8.068979e-05	0.6779284	-0.31714323	-0.2859148	0.64549583	-0.9482218
0.07895325	0.17190725	0.55244106	-0.30803755	-0.24900302	0.5556822	-0.96837574
0.05868203	0.08883017	0.5068108	-0.34850398	-0.36032787	0.63967323	-0.9886654
0.09319104	0.31370807	0.66356826	-0.52544355	-0.52838486	0.7466424	-0.99023366
-0.09127146	0.3702127	0.8142697	-0.6400632	-0.6224792	0.73445696	-0.9910621
-0.17604744	0.47253802	0.87254643	-0.6458875	-0.634565	0.63596976	-0.97742224
-0.23497017	0.24909851	0.71713877	-0.46610072	-0.37086412	0.49383533	-0.98101145
-0.2528081	-0.017561002	0.64947116	-0.33570543	-0.10244271	0.67530775	-0.9870711
-0.10602692	-0.13443209	0.5786788	-0.2810119	-0.17114232	0.76790845	-0.987884
-0.08689271	0.12349107	0.39604452	-0.18976693	-0.17289348	0.46954557	-0.97119117
-0.030808143	0.40815985	0.5133162	-0.42092654	-0.2890575	0.3873772	-0.94016016
-0.05466392	0.5657388	0.6917757	-0.58044815	-0.018058274	0.44215792	-0.96194947
-0.117501915	0.087631375	0.62199044	-0.4472606	-0.029576538	0.74730635	-0.9925528
0.019276675	-0.13129796	0.48987016	-0.23883076	-0.16095278	0.78623515	-0.99516475
0.19287355	-0.047814924	0.24576169	-0.15826602	-0.45179936	0.77662385	-0.96923786
0.05386516	-0.012580714	0.24754342	-0.21468735	-0.39661607	0.77135414	-0.9281835
-0.10701396	-0.10332729	0.40560478	-0.14558816	-0.42951697	0.7225382	-0.9343632
-0.21924332	-0.26490855	0.5297568	-0.10296835	-0.252855	0.72603977	-0.97509724
-0.036561545	0.0025188273	0.60883814	-0.2606702	-0.2027661	0.63585085	-0.97216827
0.079396896	0.07153707	0.59298223	-0.28801683	-0.23305929	0.60477746	-0.9734449
-0.11030746	-0.04358976	0.5716366	-0.2292556	-0.26755416	0.45133993	-0.97396463
-0.20352678	-0.040313646	0.58657193	-0.17362276	-0.24208237	0.4105481	-0.9726621
-0.35312244	-0.11865963	0.6508992	-0.24357449	-0.24621823	0.5586958	-0.9916431
-0.38639256	-0.02395133	0.77332443	-0.38618606	-0.25237247	0.7182912	-0.9940184
-0.47666362	-0.11417797	0.82413507	-0.48978224	-0.38045022	0.82516897	-0.99780625
-0.42983094	0.16153118	0.8421156	-0.56036747	-0.4548359	0.8121119	-0.99316585
-0.42091176	0.13348462	0.76332587	-0.4694559	-0.45814705	0.7052949	-0.98007554
-0.41024357	-0.03746692	0.8021756	-0.44221696	-0.5145441	0.7890266	-0.94374615
-0.34365666	-0.27336165	0.55640256	-0.060622886	-0.32959193	0.5885174	-0.9088047
-0.24569695	-0.507243	0.11990511	0.32610485	-0.10447886	0.36929214	-0.8189397
-0.2888873	-0.42940274	-0.029236434	0.34408593	0.3405415	-0.038572542	-0.9581442
-0.29100066	-0.5609324	-0.08824655	0.40590844	0.4209186	0.057918016	-0.9687399
-0.28358865	-0.33613372	0.34502634	0.07400463	0.38313326	0.14475341	-0.9931427
-0.2883874	-0.50275975	0.22755717	0.14488412	0.38452867	0.55538815	-0.995675
-0.05473125	-0.18423072	0.20888278	0.02492585	-0.031074023	0.51744866	-0.9892744
-0.20489313	-0.031131055	0.1906151	0.029865492	-0.39281285	0.3989199	-0.9444322
-0.06573711	0.10102723	0.48930573	-0.104701065	-0.6567102	0.4816622	-0.66091144
-0.14279434	-0.09364094	0.5640231	-0.04755039	-0.6358703	0.5489078	-0.6316829
-0.16788095	-0.07886058	0.38330817	0.068306945	-0.41487193	0.34337255	-0.8526148
-0.13631465	-0.19350083	0.40049988	0.031806823	-0.36307186	0.43740746	-0.942062
-0.18441601	-0.12791294	0.47812206	-0.1170484	-0.21643223	0.47978148	-0.9674763
-0.10146873	-0.015598328	0.63720727	-0.32659438	-0.090560004	0.6707365	-0.97860485
-0.16048841	-0.063989855	0.63816243	-0.31444687	0.027506713	0.6291638	-0.9866071
-0.07782352	0.12833802	0.22188681	-0.03909543	0.25266063	0.1256073	-0.97306365
-0.06258686	0.2920173	-0.01802537	0.1473163	0.10868431	-0.51788265	-0.89157134
-0.1178855	0.118382074	-0.29908863	0.50108063	0.10039196	-0.80383146	-0.72916067
-0.031301133	-0.10692322	-0.15786758	0.5009856	-0.22128728	-0.6221216	-0.8548603
-0.22821407	-0.48636132	-0.2540635	0.59351593	-0.46704957	-0.44329113	-0.99038565
-0.27980053	-0.35670927	0.06655744	0.46910948	-0.2952984	-0.23411557	-0.9948855
-0.35391858	-0.026702223	0.46553543	0.115333386	-0.04660717	-0.2900759	-0.99682826
-0.47890604	0.037033692	0.7155998	-0.1756943	0.09936843	-0.112523295	-0.991832
-0.44162288	0.1000123	0.75287336	-0.23284003	0.24690409	0.0045306073	-0.98371106
-0.42785278	0.14167501	0.5118669	0.044923708	0.21961558	-0.48670062	-0.9363107
-0.2983771	0.17952876	0.20435262	0.33552995	0.057746675	-0.7740722	-0.65650165
-0.20207836	-0.029700348	0.1196844	0.3366878	-0.14236307	-0.54791117	-0.8095038
-0.3334107	-0.35523292	0.06911726	0.4241499	-0.5106278	-0.31479722	-0.969002
-0.2769224	-0.26466417	0.36239034	0.12149405	-0.55552423	0.49171138	-0.98752207
-0.014263825	0.17154844	0.8085407	-0.4980454	-0.6539941	0.80662286	-0.99218124
0.1334617	0.62753254	0.80396295	-0.63018125	-0.62840754	0.53945607	-0.8991734
0.085227445	0.69083244	0.19091068	-0.24242248	-0.17497462	-0.66847664	-0.6577171
-0.0061254925	0.48895818	-0.32467812	0.089072816	0.3272492	-0.84698737	-0.7916871
-0.07847706	-0.023519052	-0.44164512	0.3776085	0.614325	-0.7549811	-0.9368757
0.017166717	-0.48084357	-0.51406944	0.70348936	0.55914336	-0.72800803	-0.95654607
0.2590128	-0.54728127	-0.7815282	0.84146	0.23974782	-0.81470734	-0.9551512
0.23610684	-0.34288892	-0.5862542	0.6671832	-0.35372964	-0.66063344	-0.97231114
0.1296785	-0.5303974	-0.795754	0.8270533	-0.34682718	-0.8155204	-0.9910527
0.0562718	-0.097320035	0.39224464	-0.15893342	-0.48363805	0.5825668	-0.9987599
0.23512678	0.46476078	0.86766577	-0.73898363	-0.61776036	0.8677923	-0.99935055
0.3067485	0.5890016	0.34486133	-0.3994061	-0.28729472	0.056841187	-0.9896717
0.35238788	0.70718306	-0.39414433	-0.0739063	0.07463673	-0.81719404	-0.90258896
0.20627435	0.29220417	-0.26732165	0.10344469	0.21807443	-0.6865426	-0.898497
0.17168392	-0.46932906	-0.48131981	0.63947845	0.41315582	-0.6173245	-0.940341
0.27199888	-0.69866383	-0.75881284	0.816009	0.07335261	-0.60505843	-0.98776895
0.53291416	-0.6258138	-0.96879417	0.9328282	0.05123509	-0.88511527	-0.98759604
0.281726	-0.17666157	-0.3475107	0.27663055	-0.48230872	0.069550626	-0.99248594
0.11421468	0.26845807	0.8453372	-0.6562897	-0.5926233	0.8133934	-0.99863195
0.0859632	0.3058678	0.7889795	-0.5535539	-0.39157793	0.53233194	-0.99799776
-0.0061202776	0.21529089	0.23896551	-0.049587924	-0.23261279	-0.39574817	-0.9843609
-0.20033275	-0.010910808	0.24417818	0.06925602	-0.1116903	-0.5052175	-0.8690638
-0.3962741	-0.46308282	0.5130168	0.14894003	-0.070045106	-0.04082149	-0.7816175
-0.41598547	-0.52323586	0.28585342	0.28494442	0.3391257	0.0016215579	-0.9805302
-0.30244243	-0.40621722	0.09478978	0.20906806	0.48255783	0.2693755	-0.9890969
-0.23100743	-0.12109756	0.28845462	0.030543428	0.4185609	0.18330473	-0.9766638
-0.24924774	-0.08482518	0.29008502	0.02544615	0.21930914	0.13299178	-0.8955583
-0.108088285	0.2276037	0.50873893	-0.19385849	0.11494822	0.09809091	-0.6697335
-0.13404307	0.119687796	0.44789445	-0.08728973	-0.13638021	0.22004336	-0.5498876
-0.14516436	0.056977097	0.37498814	0.0113296425	-0.36519155	0.19195901	-0.6064415
-0.19018489	-0.090602554	0.44702113	0.017416235	-0.45113796	0.39050722	-0.53081703
-0.1057785	-0.08564687	0.5335741	0.03540657	-0.4419239	0.45347658	-0.60771894
-0.026552068	-0.001525833	0.69420534	-0.24456084	-0.393841	0.71180767	-0.89715254
0.09941057	0.2656976	0.7441366	-0.49708995	-0.35174975	0.7357886	-0.97584856
0.051232267	0.2177261	0.5309699	-0.2976832	-0.42382303	0.55013007	-0.9796228
-0.102981135	0.017104268	0.31522873	-0.13896075	-0.5227731	0.44513556	-0.9792433
-0.14812844	0.11981948	0.5251074	-0.29236022	-0.4389943	0.6006185	-0.96087414
-0.20258872	0.03141134	0.73665226	-0.391462	-0.3106226	0.73099554	-0.9739374
-0.1266278	0.020420946	0.7193747	-0.3392353	-0.19599025	0.70431274	-0.9796465
0.04303329	0.12065914	0.5410213	-0.3067787	-0.10336569	0.562815	-0.9788427
0.04206537	0.27380186	0.33253804	-0.1788365	-0.21486267	0.16820864	-0.9137681
-0.06813844	0.119919755	0.338535	-0.16584828	-0.3151984	0.22179186	-0.9070309
-0.1289176	-0.12412481	0.51470864	-0.14119735	-0.4055717	0.52508867	-0.89601094
-0.12009767	-0.46512425	0.23532592	0.25666744	-0.22725026	0.47244096	-0.92632294
-0.01650139	-0.545811	-0.3866854	0.565141	0.095026344	-0.027515586	-0.9084169
-0.037639264	-0.27780172	-0.18891805	0.37265086	0.4227885	-0.36327362	-0.9317822
0.029280962	-0.34241226	0.04235706	0.21148615	0.5060371	0.12624529	-0.9505065
0.23542361	-0.06865511	0.4720179	-0.2212725	0.24623448	0.51463616	-0.9903751
0.28672692	0.07086145	0.31254864	-0.17498648	-0.07687377	0.5120907	-0.99408
0.27391928	0.36940756	0.3986608	-0.34895572	-0.46781877	0.2887672	-0.9756603
0.1546209	0.58816636	0.6248136	-0.46219796	-0.6224874	0.07672103	-0.81778044
0.08919933	0.50577384	0.66926634	-0.4829612	-0.5259467	0.20682777	-0.7980826
0.010749462	0.44599628	0.7453343	-0.50314504	-0.2666057	0.3947631	-0.9432649
-0.061148107	-0.051923685	0.5231918	-0.26024762	0.025705962	0.6283256	-0.9903765
0.029906888	-0.22461283	0.35131723	-0.06017079	0.022796674	0.6809682	-0.9923808
0.10863174	-0.14505874	0.40799654	-0.15576662	-0.22081114	0.74882215	-0.9856486
-0.08579304	-0.12586468	0.1992136	0.06323969	-0.28541228	0.49160174	-0.9419235
-0.17141248	-0.12378808	0.061245136	0.17642532	-0.47535866	0.35798028	-0.9204058
-0.31212774	0.08522076	0.27599567	-0.044712752	-0.29074854	0.36233056	-0.9528165
-0.2151011	0.22946599	0.5483861	-0.2665387	-0.28065783	0.5798261	-0.9442276
-0.22237824	0.022891382	0.6477654	-0.25200745	-0.16835153	0.66535735	-0.9804938
-0.061911244	-0.036273308	0.6130475	-0.22940446	-0.24115816	0.6721501	-0.9695331
0.04117175	-0.116023175	0.4300721	-0.027536463	-0.29029095	0.5114381	-0.93884134
0.025767969	-0.024216626	0.46418777	-0.20254672	-0.35300365	0.59520894	-0.95269144
0.027569339	0.032566532	0.5436794	-0.26592886	-0.3457112	0.65821284	-0.969473
0.05882533	0.09505219	0.59045947	-0.37857774	-0.47902325	0.7515047	-0.9855003
-0.07209298	0.32873276	0.59488857	-0.38724878	-0.43836635	0.44438577	-0.9860475
-0.18544875	0.44354886	0.6346009	-0.474749	-0.33372122	0.25925335	-0.9791059
-0.2558446	0.44112372	0.76276416	-0.4679825	-0.3295895	0.22076847	-0.95274174
-0.28374115	0.33167726	0.6896294	-0.44132075	-0.08575659	0.27170488	-0.9729825
-0.31952935	-0.016337268	0.6491613	-0.28572705	0.099960595	0.5882604	-0.99093264
-0.25800508	-0.20919944	0.5540451	-0.19203307	0.083192475	0.71734273	-0.9946624
-0.16814084	-0.16529498	0.5160501	-0.1417535	-0.094621435	0.7214507	-0.9870337
-0.09748871	0.28539857	0.46755734	-0.298383	-0.29126045	0.4434157	-0.963713
-0.16064855	0.56804186	0.60924107	-0.465871	-0.2996547	0.1657347	-0.9001249
-0.059251413	0.5306711	0.68464017	-0.5670742	-0.25521076	0.4391121	-0.89339995
-0.07025347	0.3843378	0.6318422	-0.44374517	-0.0136253005	0.46728754	-0.97084093
-0.06887621	-0.086072564	0.43462512	-0.24102779	0.006651333	0.6958367	-0.98749554
-0.06269206	-0.3745948	0.35307246	0.017611083	-0.15058346	0.7610961	-0.9820495
0.069598325	-0.1870353	0.48055792	-0.11718964	-0.40965658	0.7644965	-0.94731706
0.081192926	0.12670922	0.45690864	-0.2942579	-0.45439023	0.7253739	-0.8689642
0.1978252	0.33001387	0.440521	-0.47924703	-0.53145105	0.78475124	-0.8976586
-0.12044231	-0.0075360006	0.17875493	-0.12697257	-0.27223822	0.6197379	-0.9727717
-0.11743137	-0.18932658	-0.018146923	0.16872051	-0.20919527	0.43858057	-0.9472794
-0.17174546	-0.4262692	0.2115673	0.23657767	-0.23641323	0.5091221	-0.9013918
-0.1002828	-0.07638895	0.68783355	-0.22513974	-0.22585687	0.608969	-0.8557554
0.034132507	-0.09238843	0.6238381	-0.13724647	-0.2740893	0.54752505	-0.90621454
0.034131736	0.013585491	0.43834803	-0.19939648	-0.2428584	0.43534777	-0.9721975
0.10378463	0.15320985	0.37610072	-0.22338642	-0.31385013	0.4672347	-0.97926843
0.010913028	0.079777844	0.58983326	-0.34300515	-0.5563402	0.6606056	-0.9836229
-0.13035308	0.026931448	0.775277	-0.39140478	-0.65529686	0.7246165	-0.96982145
-0.33062467	-0.34321153	0.52841574	0.07883181	-0.460013	0.4270322	-0.93027055
-0.14298725	0.26551318	0.5800489	-0.24073619	-0.23860338	0.17466874	-0.8564099
-0.11412291	0.52273244	0.7840011	-0.605329	-0.10593736	0.4112787	-0.9190601
-0.2680126	0.23683432	0.67195415	-0.3720141	-0.16299172	0.44373396	-0.9657845
-0.34164515	-0.41560918	0.27451748	0.11446418	-0.124189675	0.5712996	-0.97255844
-0.28917933	-0.43283394	0.40745002	0.19523573	-0.29403657	0.4970825	-0.9112437
-0.40991768	-0.22838043	0.74580663	-0.086514615	-0.35020047	0.52165383	-0.79790086
-0.42781183	-0.15490381	0.84794784	-0.33397865	-0.22300549	0.70403004	-0.8733273
-0.4585853	0.088973664	0.63566786	-0.27149937	0.003096779	0.45092273	-0.96798724
-0.43609717	0.34373143	0.48557228	-0.2698305	-0.0626378	0.29280594	-0.95968795
-0.29075444	0.40912056	0.6511809	-0.36343482	-0.4034257	0.4088051	-0.75388485
-0.20929338	0.56260216	0.91230667	-0.656674	-0.6322641	0.5784564	-0.4446155
-0.18430614	0.2890991	0.8589792	-0.48916116	-0.6129401	0.49537796	-0.58902305
-0.17356421	0.34946808	0.7762025	-0.39057595	-0.47733712	0.17057036	-0.73896253
-0.23874891	0.2617413	0.6464216	-0.33846602	-0.29005963	0.11683137	-0.89850414
-0.18959023	0.31172848	0.7641598	-0.49934357	-0.2893147	0.4937478	-0.9444393
-0.3787606	-0.394529	0.54672295	0.01467589	-0.22800282	0.46927696	-0.9674151
-0.3584704	-0.54096323	0.42844778	0.19421218	-0.26370895	0.5216774	-0.9318315
-0.43611956	-0.47429442	0.41125017	0.2176859	-0.11438204	0.25711855	-0.93544483
-0.40039045	-0.19357792	0.5122927	-0.13203079	0.094544016	0.56578267	-0.9480521
-0.33073854	0.23898774	0.6601418	-0.4057863	-0.04528857	0.51992935	-0.96737856
-0.2894746	0.4114224	0.6886442	-0.49169424	-0.21026862	0.55097914	-0.9558672
-0.23290774	0.021514641	0.6855443	-0.26991615	-0.51130056	0.5084065	-0.828534
-0.1717929	-0.051869024	0.72910094	-0.1756733	-0.5732753	0.4215159	-0.57997626
-0.34465167	-0.2665913	0.62928474	0.00406342	-0.3845258	0.24627353	-0.7560317
-0.28204644	-0.035722457	0.7125132	-0.24450873	-0.2347445	0.40338683	-0.81377745
-0.39241207	-0.09559991	0.7010204	-0.26646474	-0.12579371	0.4783544	-0.9695516
-0.3701913	0.2147971	0.8458577	-0.60362357	-0.2394438	0.73460186	-0.98834205
-0.320113	0.42229688	0.8447401	-0.62666553	-0.37970528	0.6354876	-0.9841806
-0.21464366	0.6481107	0.87043947	-0.6765059	-0.5639546	0.4631704	-0.91852003
-0.20438293	0.54920405	0.8260628	-0.60890025	-0.5998338	0.35853273	-0.79175776
-0.18147635	0.52893573	0.87118584	-0.583993	-0.5973227	0.35846707	-0.516232
-0.29821202	0.13553731	0.6953777	-0.26830414	-0.4488085	0.21494159	-0.8133021
-0.1875954	0.19776413	0.6360026	-0.2467214	-0.42003104	0.26157585	-0.68754697
-0.26872644	0.047231983	0.6256668	-0.2285558	-0.35682306	0.39391097	-0.8040192
-0.19997847	0.029975312	0.7723398	-0.3969185	-0.43661925	0.6939768	-0.76870304
-0.20123923	-0.30570877	0.5516485	0.0076092803	-0.32637855	0.47912145	-0.76754916
-0.038681123	-0.30595404	0.12454292	0.2684984	-0.07738694	0.13948464	-0.6090969
-0.14053492	-0.36191338	-0.12703376	0.37736228	0.35926357	-0.3129307	-0.85433555
-0.13690114	-0.33640826	0.008603381	0.25550747	0.5013216	-0.14209792	-0.929543
-0.17297895	-0.32487097	0.28044167	0.10372169	0.4683712	-0.003952222	-0.98886144
-0.06949502	-0.34894198	0.3454365	0.023250248	0.3774245	0.467249	-0.9948913
0.14557242	-0.03718473	0.58685505	-0.32562256	-0.04446484	0.65704983	-0.99334425
0.20368314	0.17499718	0.69363064	-0.48571482	-0.42291373	0.75664294	-0.9858255
0.07058397	0.07079012	0.585723	-0.3564014	-0.55944276	0.63168067	-0.96244746
0.06005802	0.19932117	0.5723527	-0.3751801	-0.59803015	0.60210216	-0.9169032
-0.0074645085	0.08631226	0.5049061	-0.30937886	-0.35545394	0.5648894	-0.91475785
-0.0033803156	-0.0032746973	0.5722675	-0.3449744	-0.06303238	0.68432224	-0.9637757
-0.084087096	-0.14521267	0.42922768	-0.23079832	0.30271697	0.5921134	-0.98867625
-0.00055858487	-0.12729704	0.32144448	-0.18507154	0.43098053	0.60352314	-0.9927912
0.10060723	-0.027451798	0.07676007	-0.1290007	0.46228993	0.46747056	-0.9891352
0.20414351	0.03708086	-0.4205113	0.19226247	0.33185664	0.029045902	-0.94497657
0.1693631	-0.05071749	-0.25792798	0.20872559	-0.21129642	0.09141398	-0.8720445
0.09578438	-0.15295674	-0.04135219	0.16776687	-0.3671015	0.2743814	-0.8111773
0.1461652	-0.16855523	0.19711892	0.18809561	-0.41540968	0.32535082	-0.7683135
0.1715629	-0.20214759	0.015488245	0.25808778	-0.37762406	0.24184874	-0.92624754
0.2194356	0.13085508	0.37101093	-0.16322082	-0.18965043	0.35793486	-0.9562448
0.3393106	0.22777267	0.5502488	-0.38539878	-0.20535858	0.57288	-0.98557115
0.1251114	-0.042153608	0.35432822	-0.2140565	-0.2840743	0.4971361	-0.99294096
0.052456077	-0.15959993	0.13146406	-0.00077164156	-0.3716408	0.4138105	-0.9905401
-0.08743898	-0.186021	0.2563205	-0.016348097	-0.37606776	0.48679695	-0.9815561
-0.13031933	-0.15134577	0.57272905	-0.2382334	-0.24062814	0.6677843	-0.98014784
-0.26285154	-0.050969917	0.7165262	-0.37840518	0.053383514	0.6611948	-0.9897807
-0.18620232	-0.12159674	0.43685514	-0.104569696	0.23378848	0.4514853	-0.99167323
-0.13549425	0.23947316	0.012395686	0.03855971	0.35525727	-0.31854144	-0.96790886
-0.09450506	0.3057726	-0.3383988	0.31537652	0.3318152	-0.71912926	-0.8783569
-0.024907235	0.17112629	-0.08696546	0.31265822	0.0810057	-0.6249627	-0.8658071
-0.19130415	-0.3912412	-0.3025621	0.59744185	-0.40393773	-0.5670984	-0.98515576
-0.11176437	-0.56743675	-0.5061017	0.6965679	-0.73171777	-0.22548603	-0.99408466
-0.28003544	-0.35643214	-0.1397891	0.44739938	-0.7465729	-0.13876528	-0.9971877
-0.22767143	0.3157133	0.64110804	-0.23746398	-0.3600497	0.02217681	-0.9928661
-0.18928003	0.34313798	0.57800806	-0.10530053	0.13617465	-0.49565017	-0.99126285
-0.3630021	0.18123963	0.20240575	0.073700376	0.5315221	-0.7785059	-0.9897202
-0.43764588	-0.31369796	0.11448252	0.34693405	0.50265175	-0.5470025	-0.9733775
-0.60230637	-0.61106277	0.31036425	0.4543078	0.44455272	-0.2948433	-0.980505
-0.5901849	-0.63294476	0.6698316	0.30248064	-0.02095613	0.24658318	-0.90461737
-0.6184208	-0.24266948	0.8071816	0.010032198	-0.022119923	-0.019010488	-0.8307581
-0.6475359	-0.19647354	0.78374994	-0.011943905	-0.16608799	-0.08530959	-0.47900647
-0.6260146	-0.111202754	0.62065697	0.0939178	0.26294214	-0.45002538	-0.6953292
-0.58576894	-0.273729	0.33044314	0.21152186	0.47364807	-0.22404239	-0.8227139
-0.36337054	-0.0649119	0.44111806	-0.0021813924	0.5664905	0.04358573	-0.9319623
-0.41196927	-0.3641351	0.46611997	0.043736774	0.39084622	0.5339903	-0.9474527
-0.13122611	-0.09004876	0.44286722	-0.012987584	0.24264836	0.41255552	-0.9002692
-0.18596122	-0.04668877	0.30744484	0.05737792	-0.010238275	0.30734912	-0.67744505
-0.066634566	0.23626368	0.35229105	-0.061171576	-0.2636509	0.18919267	-0.4480428
-0.20309892	0.017237058	0.40910468	-0.017757293	-0.3251699	0.3115659	-0.40070525
-0.01260345	-0.018669879	0.32473347	0.12966087	-0.30889052	0.24081808	-0.3858799
-0.043999765	-0.2835362	0.075625554	0.31521884	-0.20824364	0.25148848	-0.7513531
0.10061343	-0.009205186	0.015254577	0.2564689	-0.14446004	-0.020347483	-0.7908504
-0.06551337	-0.15000454	0.005933105	0.20658031	0.010079608	0.17486542	-0.9495865
0.09786415	0.12160147	0.49461907	-0.27061585	-0.16612895	0.5471649	-0.97925776
0.14544202	0.20869823	0.6328849	-0.41987708	-0.24358617	0.6864733	-0.9941171
0.11567899	0.4229829	0.495656	-0.4286178	-0.4292966	0.33186725	-0.98734134
0.035728946	0.6220801	0.581556	-0.46765155	-0.40558276	-0.044085465	-0.9295611
0.02472722	0.5904605	0.6422415	-0.5321717	-0.38163587	0.13255388	-0.8708121
-0.13880599	0.22926037	0.7533259	-0.484321	-0.11376975	0.62045443	-0.9802747
-0.059136126	-0.20356026	0.53434396	-0.20863707	-0.103984356	0.7517924	-0.99367994
0.02125539	-0.20779078	0.36886656	-0.096830115	-0.08182926	0.7188093	-0.9902051
-0.055996876	-0.15906496	0.03499358	0.11326916	-0.24943808	0.47104216	-0.9692422
-0.24953993	-0.04581856	0.14983039	0.059563514	-0.22751658	0.34388086	-0.93164533
-0.22938527	0.15338755	0.42587653	-0.17407171	-0.35457712	0.51111674	-0.93761945
-0.30204675	0.11132792	0.7194056	-0.41739127	-0.16564384	0.74788046	-0.99066895
-0.080283366	0.061317522	0.6757741	-0.36448845	-0.20021081	0.7511481	-0.99140126
0.055693217	0.05586653	0.49374524	-0.19868228	-0.26033765	0.5621262	-0.98192304
0.09853715	0.14899106	0.5033075	-0.34575623	-0.33607882	0.5819245	-0.9658838
0.1010876	0.19207273	0.6665894	-0.4562592	-0.36772028	0.7002336	-0.96736604
0.09620155	0.043232776	0.5980335	-0.4153771	-0.44014606	0.7752839	-0.9885912
0.048811864	-0.011564156	0.4816679	-0.27497983	-0.4066503	0.68708235	-0.99021035
-0.09058742	-0.11788033	0.35709867	-0.14013974	-0.48857957	0.6159268	-0.9819232
-0.19314446	-0.054282866	0.5082389	-0.20967935	-0.46664888	0.59511924	-0.9443456
-0.1682114	0.102348424	0.6726354	-0.393447	-0.27351967	0.6468197	-0.9453846
-0.22669508	-0.080979496	0.6862057	-0.30903316	-0.05706712	0.6555018	-0.9725016
-0.25664836	-0.10589935	0.49579298	-0.20806085	0.3118224	0.47425932	-0.9905577
-0.18517137	-0.15624666	0.29432228	-0.052207567	0.34926403	0.43745816	-0.98921305
-0.11023174	0.023584418	0.4333902	-0.2152034	0.260782	0.44601303	-0.98716897
-0.01618548	0.13833615	0.39822257	-0.1332569	0.031228429	0.30020505	-0.93750715
0.04532053	0.2942893	0.47953966	-0.19143353	-0.2315729	0.11444293	-0.7506332
-0.06633703	0.18564492	0.42137033	0.034134794	-0.36174098	-0.1563905	-0.21413998
-0.10728659	0.030908065	0.38069385	0.21944153	-0.33992404	-0.27626795	0.26983133
-0.057409003	0.98832315	0.9993434	-0.9976243	-0.6670654	0.94691765	-0.99988365
-0.2646057	-0.14035313	0.38627893	0.17482585	-0.2146714	-0.26682153	-0.99475414
0.13012876	0.14739768	0.24771024	-0.12747605	-0.14083742	-0.17118694	-0.98502576
-0.25874528	-0.040231407	0.9457521	-0.6618485	-0.56126785	0.9347892	-0.9845813
-0.35223466	-0.36738855	0.9146794	-0.342932	-0.5098291	0.8426926	-0.9951901
-0.5047313	-0.5165282	-0.010272531	0.45031783	0.12733534	0.22823326	-0.9983864
-0.28426862	0.46252704	0.3701451	-0.31043485	0.17620526	0.17056341	-0.9988379
-0.33594984	0.58620954	0.9048455	-0.7236276	-0.52163535	0.86106116	-0.99463296
-0.009316116	0.77161247	0.964633	-0.84290904	-0.6379217	0.7817687	-0.9789707
-0.05052002	0.34401062	0.76625127	-0.2973431	-0.6377783	0.19092037	-0.9467016
0.026301872	0.5246023	0.6980627	-0.48110926	-0.42982367	0.14243363	-0.97219664
0.0375801	0.52124447	0.8240921	-0.57980424	-0.5526744	0.5245827	-0.9834902
-0.09956058	0.4973254	0.86409867	-0.6469879	-0.52588356	0.6209426	-0.9927619
-0.09375987	0.28401288	0.84082586	-0.5724929	-0.52917933	0.737798	-0.996412
-0.2593308	0.02946662	0.78300416	-0.40838826	-0.34215263	0.6461385	-0.99446625
-0.27833343	-0.3780185	0.6024707	0.023305755	-0.28273618	0.59656805	-0.97820836
-0.08870231	0.5431215	0.85129756	-0.6699052	-0.17242925	0.5671604	-0.976893
-0.034690134	0.55283964	0.8848803	-0.7390344	-0.15063612	0.7727427	-0.98791236
-0.24297304	0.021429222	0.57365906	-0.28852612	-0.20302136	0.6329323	-0.99420726
-0.28033587	-0.66500014	-0.019529212	0.46574947	-0.31092834	0.6088441	-0.9896653
-0.17863606	-0.5071673	0.13418789	0.40256172	-0.34111175	0.44311905	-0.9803348
-0.25393608	0.18684229	0.74198776	-0.44521835	-0.39688537	0.79601747	-0.98256665
-0.20474717	0.42975628	0.9069962	-0.67887324	-0.4288672	0.77072537	-0.9887538
-0.038365033	0.477908	0.8011949	-0.55349004	-0.38476613	0.5066955	-0.9955711
-0.008838453	0.6321496	0.70313644	-0.63696265	-0.14249186	0.2135644	-0.99289024
0.10565499	0.41283834	0.77060264	-0.6041663	-0.38618776	0.65253615	-0.9871609
0.06712731	-0.16172843	0.69464624	-0.35886085	-0.48317593	0.8182257	-0.9904479
0.21862094	0.4176116	0.75780404	-0.58613724	-0.512249	0.75402486	-0.98852634
0.08789275	0.50009674	0.73077035	-0.6463611	-0.38093203	0.6974818	-0.9924929
-0.10972829	0.21409261	0.49844903	-0.31554237	-0.37278384	0.55927664	-0.9864817
-0.17869036	-0.11985516	0.5721343	-0.2387594	-0.42592663	0.7381152	-0.99026287
-0.12323068	-0.07307299	0.7953337	-0.43652472	-0.539621	0.8446932	-0.9885654
-0.3186023	-0.35404956	0.4968494	0.047454517	-0.22639844	0.5115532	-0.98416835
-0.18250552	-0.28483468	0.33775452	0.040015165	-0.057732653	0.5214904	-0.9669316
-0.15605235	0.2539888	0.63219786	-0.38410777	-0.07720042	0.40233457	-0.9802163
-0.09459999	0.48357555	0.80173594	-0.59322226	-0.34633017	0.533772	-0.9757953
-0.12472366	0.23802638	0.69728905	-0.50267667	-0.2935493	0.58012724	-0.99377126
-0.20732003	-0.38771498	0.36153558	0.08366515	-0.4096588	0.5765218	-0.9896549
-0.34217963	-0.6097888	-0.055936396	0.50410444	-0.26451188	0.20559093	-0.98453635
-0.28060806	-0.5738677	0.031790834	0.40540892	-0.19687656	0.4274635	-0.9212468
-0.28450567	-0.116839334	0.48597553	-0.04376133	-0.04831595	0.47156128	-0.9785828
-0.35952818	-0.09539848	0.49908406	-0.1205754	-0.079286315	0.6056803	-0.9921808
-0.303608	0.22396907	0.5402047	-0.30860072	-0.24015372	0.48705357	-0.99182117
-0.32223323	0.27075315	0.60591924	-0.33072683	-0.42751285	0.5851831	-0.9821802
-0.16398726	0.23090823	0.55391186	-0.22114812	-0.54568344	0.48439166	-0.9065343
-0.026269976	0.48937488	0.776727	-0.47704402	-0.63212633	0.44544208	-0.82230633
-0.05375857	0.45292574	0.77889305	-0.5395889	-0.51668805	0.4912731	-0.89467406
0.025056094	0.50714916	0.7330588	-0.48951507	-0.48375255	0.3631083	-0.9391512
-0.1316649	-0.09242903	0.44456318	-0.15453644	-0.27792278	0.52680415	-0.9839671
-0.15138485	-0.47162473	0.20347235	0.24174303	-0.3734922	0.54747385	-0.9685406
-0.32388756	-0.5523852	0.33453065	0.3181378	-0.38083616	0.46273232	-0.95058805
-0.2644679	-0.25917572	0.73017395	-0.12397227	-0.46078596	0.6515728	-0.8613561
-0.3733998	0.058749534	0.7975366	-0.3822007	-0.17428698	0.5479586	-0.9731543
-0.33519697	0.09017887	0.7388523	-0.35658753	-0.13751556	0.56580585	-0.98382884
-0.42961794	-0.2707056	0.16703713	0.07067246	0.22998516	0.33477303	-0.9958255
-0.38924164	-0.24323867	0.019228065	0.056964166	0.18952207	0.5692205	-0.9958114
-0.14365162	-0.15823652	0.717684	-0.32310522	-0.44597164	0.8788209	-0.97324854
-0.033210367	-0.040158123	0.87962794	-0.4882475	-0.687948	0.89009243	-0.9173941
-0.21912575	-0.35837093	0.35463217	0.1601391	-0.37634754	0.31972632	-0.8960702
-0.18714151	0.07288691	-0.044480495	0.074143134	-0.10830163	0.037590247	-0.90148413
-0.16080661	-0.013935707	0.45222875	-0.17904302	-0.2094174	0.5741856	-0.9482607
-0.047689267	0.087231494	0.78602886	-0.49816546	-0.441761	0.81056136	-0.9811485
0.016977943	0.3058509	0.76773125	-0.54765403	-0.3909929	0.70775276	-0.9764118
0.1395612	0.62725884	0.7247976	-0.6089014	-0.35025704	0.3741536	-0.95077103
0.035248242	0.39236015	0.6112474	-0.562608	-0.29466876	0.55298156	-0.9716586
0.15625297	0.26861885	0.6837403	-0.53669095	-0.36331752	0.75492287	-0.9785854
0.09774971	0.07896988	0.61477077	-0.44193673	-0.42239544	0.8014287	-0.98733294
0.13917762	0.4970795	0.7288953	-0.62279445	-0.44544202	0.69470805	-0.97989434
0.035089623	0.39850774	0.6104959	-0.5396645	-0.2828906	0.6687438	-0.95853573
-0.046134867	0.3019598	0.525042	-0.393778	-0.2791701	0.5917592	-0.952143
-0.16058585	-0.11313601	0.5666536	-0.2312986	-0.3700305	0.70046014	-0.9602378
-0.06793773	-0.07784499	0.6955921	-0.32012385	-0.38349333	0.74357957	-0.9626034
-0.2695665	-0.44152588	0.29561636	0.2086646	-0.073453926	0.38534227	-0.9528538
-0.15122627	-0.38552862	0.10030634	0.25120482	0.13428007	0.27607146	-0.9138317
-0.007505365	-0.077264175	0.44297004	-0.1394492	0.07134796	0.4670751	-0.9555135
-0.0016636535	-0.015490827	0.6111425	-0.24455653	-0.11665102	0.5060245	-0.96282077
-0.21648459	-0.1898689	0.48246482	-0.05659469	-0.07263324	0.18395513	-0.9815389
-0.25430915	-0.30429226	0.41171417	0.07980451	-0.2495015	0.20323293	-0.9650929
-0.41067582	-0.4585943	0.20300764	0.3285167	0.045942992	-0.12155036	-0.9785051
-0.3568968	-0.38246515	0.090316474	0.255265	0.30865684	0.056764178	-0.979113
-0.25109398	-0.18158484	0.39867094	-0.0357838	0.38904256	0.32143283	-0.9888404
-0.24518453	-0.15525688	0.39800385	-0.08522426	0.42315567	0.4527173	-0.9892671
-0.058763523	-0.048107535	0.33609638	-0.05562071	0.27387252	0.3192283	-0.97057486
-0.06751162	-0.20749588	0.38349423	0.008214036	0.06389191	0.4363127	-0.9266458
-0.0856227	-0.3392431	0.41380218	0.12619258	-0.21063565	0.35753533	-0.86829346
-0.13432565	-0.39338017	0.4432824	0.13663852	-0.34293044	0.45965868	-0.8502255
-0.28201377	-0.39775404	0.41766953	0.1486652	-0.09092387	0.33635595	-0.95447344
-0.22444493	0.009881473	0.4331038	-0.22090489	0.117850766	0.63061786	-0.98810774
-0.19335315	0.32638815	0.62970877	-0.44451714	-0.16678596	0.6516958	-0.9889472
-0.092016	0.51736677	0.7041655	-0.57272196	-0.24773541	0.67064315	-0.9752845
-0.07776783	0.39146328	0.8134779	-0.6146661	-0.4350599	0.7212561	-0.9661104
-0.077659704	0.19131729	0.84738755	-0.55393434	-0.47785962	0.77369714	-0.97333205
-0.19799191	0.08294918	0.58892	-0.2841073	-0.21271925	0.40891865	-0.98295254
-0.00085195876	0.55226177	0.6411805	-0.5065484	-0.18519956	0.24855594	-0.92727315
-0.109026834	0.5455879	0.7649114	-0.63778865	-0.1398193	0.45585155	-0.95608175
-0.16650109	-0.077628784	0.653786	-0.2650979	-0.16142012	0.64321446	-0.9713279
-0.2947211	-0.550405	0.057248898	0.35838124	0.03215137	0.28835425	-0.9813432
-0.22544965	-0.5514538	-0.027148943	0.3844266	-0.030052014	0.3982786	-0.9517975
-0.2984534	-0.34672722	0.38309926	0.14887623	-0.010386406	0.35069484	-0.9688077
-0.28132278	-0.36955988	0.583611	-0.027617076	-0.13605158	0.66743904	-0.97195584
-0.11327393	0.06475043	0.6856069	-0.3955366	-0.013371326	0.6916278	-0.99441
0.057053022	0.288932	0.6387632	-0.48332468	-0.22537549	0.72634506	-0.996831
-0.034420922	0.18815766	0.5949647	-0.4245938	-0.3479712	0.6072327	-0.9938881
-0.1291306	-0.18038169	0.4428026	-0.09625305	-0.45023346	0.6122901	-0.97540355
-0.061384797	0.24283126	0.6218393	-0.36656508	-0.34262896	0.5074133	-0.9569995
0.0007062553	0.47711915	0.80305016	-0.6358791	-0.3438422	0.71283317	-0.9671249
-0.16870019	0.19642483	0.6035467	-0.42182627	-0.29845563	0.6461908	-0.98611104
-0.24013764	0.055352394	0.35931274	-0.16530357	-0.28013444	0.57397634	-0.9860616
-0.14829919	-0.14069574	0.013517598	0.23272249	-0.45741588	0.2921846	-0.92362225
0.08487737	-0.117348544	0.029681401	0.19723193	-0.531976	0.3249482	-0.77850395
0.011738208	-0.11298643	0.39171246	-0.10303473	-0.42729813	0.6438123	-0.96180594
-0.025290787	-0.19567282	0.30672058	-0.09758959	-0.10990368	0.69691956	-0.997032
-0.04619512	-0.22795266	-0.19849186	0.20506002	0.15612528	0.21790692	-0.99729353
0.025408847	-0.21404952	-0.53006697	0.37499145	0.23671676	-0.060022194	-0.98720175
0.04400149	-0.117296204	-0.063892506	0.2008539	-0.016102443	0.030558314	-0.95325375
-0.016013058	-0.211754	0.47649786	-0.046736307	-0.38576692	0.47518757	-0.94811386
-0.03960084	-0.00046458837	0.6579566	-0.31266755	-0.46651208	0.53420305	-0.9693164
-0.061065327	0.038697697	0.591525	-0.28659293	-0.4444378	0.51992863	-0.97829235
-0.12366151	-0.20555654	0.3437054	-0.07339232	-0.3270453	0.4566482	-0.97342855
0.004160857	-0.33068052	0.21893072	0.053140808	-0.3027008	0.57498294	-0.91082007
-0.023363242	-0.33777577	0.0041778674	0.21877295	0.04556348	0.2538498	-0.93364984
0.008091601	-0.43969628	-0.07622568	0.2871071	0.20430239	0.18027373	-0.934323
-0.00982396	-0.3015435	0.20373054	0.023216978	0.35938582	0.3469179	-0.98692447
0.12644288	-0.20483637	0.36633116	-0.16509424	0.06047267	0.67208123	-0.9938194
0.01893589	-0.13403924	0.46336463	-0.21863915	-0.20993234	0.5805929	-0.99464947
-0.15605055	-0.09715445	0.48307005	-0.10999603	-0.4219757	0.3483579	-0.9754376
-0.37199858	-0.24073972	0.50960743	0.0023895456	-0.37900066	0.16353197	-0.9654337
-0.4468658	-0.34987226	0.5096921	0.07368741	-0.24202196	0.20664257	-0.9405456
-0.41381347	-0.27107415	0.22966412	0.18365242	0.29183877	-0.04594613	-0.9870542
-0.34740317	-0.31476384	0.025245711	0.18364602	0.53260905	0.24352436	-0.9923351
0.02271631	0.16338816	0.5168373	-0.2943757	0.19444136	0.5234421	-0.9854313
0.06784782	0.22282861	0.75238514	-0.4920082	-0.28803614	0.7390146	-0.97546935
0.16513109	0.42240494	0.56311166	-0.3962195	-0.45611715	0.3768988	-0.90284586
0.102961645	0.59316176	0.01806886	-0.11118199	-0.1991091	-0.5386019	-0.849394
0.008703399	0.42084736	-0.14201643	0.09890418	0.16893949	-0.7301085	-0.90916324
0.0048469817	-0.051122017	-0.3561842	0.41336003	0.41145104	-0.6423149	-0.95828986
0.066120006	-0.28928128	-0.38405895	0.5991294	0.42733097	-0.6582445	-0.9733154
0.21557586	-0.5615177	-0.72655845	0.80222726	0.026472433	-0.68674344	-0.9829269
0.30308825	-0.54155207	-0.86454105	0.83022463	-0.081651546	-0.69442946	-0.99210656
0.1599449	-0.3069028	-0.5265355	0.57478195	-0.46292275	-0.4557616	-0.9942044
0.051117383	0.019444697	0.7675865	-0.49575424	-0.5900913	0.83220464	-0.9990173
0.18346593	0.32035616	0.83287716	-0.6350603	-0.6199163	0.8378854	-0.9997195
0.19899873	0.65899616	0.6163865	-0.620809	-0.5063696	0.27875876	-0.99593437
0.17495105	0.7537107	0.64059156	-0.6428711	-0.556362	-0.050965607	-0.8969948
-0.019704564	0.5418396	0.7156108	-0.6164617	-0.46586952	0.24743278	-0.8595411
0.017085409	0.43900514	0.8380954	-0.63194376	-0.4516408	0.5841141	-0.90990555
-0.12740916	-0.10012083	0.6166054	-0.34747568	-0.12560466	0.7285527	-0.9939856
-0.09910161	-0.2170586	0.42501697	-0.17172526	-0.074646994	0.779875	-0.995964
0.023301018	-0.011875191	0.52343726	-0.29101297	-0.2829728	0.793536	-0.9866983
0.04455229	0.14946915	0.70371586	-0.45222548	-0.44295153	0.8102682	-0.9225074
-0.09046724	0.12100035	0.41583386	-0.23570238	-0.40478015	0.5725827	-0.9334373
-0.2062952	0.05241196	0.106495544	0.03556734	-0.32829258	0.30563393	-0.9188122
-0.22733282	0.04747043	0.21784003	-0.018617162	-0.4118393	0.42627636	-0.9401453
-0.31813985	0.18501814	0.584856	-0.32716376	-0.28595042	0.6386019	-0.95163876
-0.17632732	0.23822932	0.8257903	-0.56659555	-0.28253064	0.82325643	-0.96836835
-0.13485742	-0.05276855	0.7209518	-0.29500705	-0.27870926	0.74956167	-0.97746277
0.036344875	0.052811243	0.43121618	-0.22326353	-0.22719114	0.5484989	-0.96570563
0.097346365	0.15866773	0.49390528	-0.31666404	-0.32038522	0.5963942	-0.8988273
0.11684786	0.1618554	0.6456831	-0.4797196	-0.43214512	0.7632268	-0.961847
0.11496769	0.15076032	0.6892287	-0.48525488	-0.50629526	0.80437255	-0.9752806
0.095777914	0.35502917	0.60018325	-0.49398404	-0.50157636	0.5843101	-0.980774
-0.07914753	0.5028202	0.7154007	-0.5938289	-0.48356453	0.4874964	-0.97407526
-0.13282624	0.534869	0.7477202	-0.6156863	-0.34317303	0.33788776	-0.966978
-0.16835833	0.43839583	0.7925585	-0.5471218	-0.3698102	0.39979583	-0.93949324
-0.24590656	0.019567525	0.57483953	-0.34956655	0.043498974	0.5331815	-0.98775643
-0.21723875	-0.29844278	0.47684178	-0.15460695	0.04857966	0.7642572	-0.99289644
-0.032314103	-0.19357364	0.42556775	-0.15455869	-0.1685805	0.7645766	-0.99120915
0.03170426	0.25322458	0.46706337	-0.2799005	-0.4130026	0.5506151	-0.88476056
-0.0039750426	0.5657325	0.5833207	-0.5525021	-0.44258007	0.3491106	-0.8899742
-0.010186946	0.62853	0.7257712	-0.627671	-0.32872766	0.4150607	-0.89868927
0.05413584	0.43423045	0.616204	-0.5653379	-0.16443692	0.58974475	-0.97122216
-0.02957706	-0.040969286	0.45539254	-0.30230734	-0.06897167	0.7504945	-0.9939337
0.0014687468	-0.28852728	0.3738809	-0.12784901	-0.20552501	0.8124295	-0.9911443
0.03197596	-0.31141528	0.45810115	-0.08877174	-0.41865522	0.81720513	-0.95251834
0.18740335	0.14308697	0.4991404	-0.36328733	-0.4704877	0.7786829	-0.90510637
0.22638272	0.39935738	0.40208116	-0.45106247	-0.46223396	0.7105317	-0.8967411
0.06702222	0.0925745	0.1205286	-0.22002076	-0.3961041	0.64939386	-0.9628364
-0.18083207	-0.275522	-0.14649163	0.16738255	-0.2002376	0.54110444	-0.9821085
-0.09411706	-0.21613432	0.34661764	0.03366034	-0.26949587	0.596911	-0.9443533
-0.12568872	-0.3547454	0.61518705	-0.045251336	-0.3355159	0.72634375	-0.9244666
-0.015016798	-8.068979e-05	0.6779284	-0.31714323	-0.2859148	0.64549583	-0.9482218
0.07895325	0.17190725	0.55244106	-0.30803755	-0.24900302	0.5556822	-0.96837574
0.05868203	0.08883017	0.5068108	-0.34850398	-0.36032787	0.63967323	-0.9886654
0.09319104	0.31370807	0.66356826	-0.52544355	-0.52838486	0.7466424	-0.99023366
-0.09127146	0.3702127	0.8142697	-0.6400632	-0.6224792	0.73445696	-0.9910621
-0.17604744	0.47253802	0.87254643	-0.6458875	-0.634565	0.63596976	-0.97742224
-0.23497017	0.24909851	0.71713877	-0.46610072	-0.37086412	0.49383533	-0.98101145
-0.2528081	-0.017561002	0.64947116	-0.33570543	-0.10244271	0.67530775	-0.9870711
-0.10602692	-0.13443209	0.5786788	-0.2810119	-0.17114232	0.76790845	-0.987884
-0.08689271	0.12349107	0.39604452	-0.18976693	-0.17289348	0.46954557	-0.97119117
-0.030808143	0.40815985	0.5133162	-0.42092654	-0.2890575	0.3873772	-0.94016016
-0.05466392	0.5657388	0.6917757	-0.58044815	-0.018058274	0.44215792	-0.96194947
-0.117501915	0.087631375	0.62199044	-0.4472606	-0.029576538	0.74730635	-0.9925528
0.019276675	-0.13129796	0.48987016	-0.23883076	-0.16095278	0.78623515	-0.99516475
0.19287355	-0.047814924	0.24576169	-0.15826602	-0.45179936	0.77662385	-0.96923786
0.05386516	-0.012580714	0.24754342	-0.21468735	-0.39661607	0.77135414	-0.9281835
-0.10701396	-0.10332729	0.40560478	-0.14558816	-0.42951697	0.7225382	-0.9343632
-0.21924332	-0.26490855	0.5297568	-0.10296835	-0.252855	0.72603977	-0.97509724
-0.036561545	0.0025188273	0.60883814	-0.2606702	-0.2027661	0.63585085	-0.97216827
0.079396896	0.07153707	0.59298223	-0.28801683	-0.23305929	0.60477746	-0.9734449
-0.11030746	-0.04358976	0.5716366	-0.2292556	-0.26755416	0.45133993	-0.97396463
-0.20352678	-0.040313646	0.58657193	-0.17362276	-0.24208237	0.4105481	-0.9726621
-0.35312244	-0.11865963	0.6508992	-0.24357449	-0.24621823	0.5586958	-0.9916431
-0.38639256	-0.02395133	0.77332443	-0.38618606	-0.25237247	0.7182912	-0.9940184
-0.47666362	-0.11417797	0.82413507	-0.48978224	-0.38045022	0.82516897	-0.99780625
-0.42983094	0.16153118	0.8421156	-0.56036747	-0.4548359	0.8121119	-0.99316585
-0.42091176	0.13348462	0.76332587	-0.4694559	-0.45814705	0.7052949	-0.98007554
-0.41024357	-0.03746692	0.8021756	-0.44221696	-0.5145441	0.7890266	-0.94374615
-0.34365666	-0.27336165	0.55640256	-0.060622886	-0.32959193	0.5885174	-0.9088047
-0.24569695	-0.507243	0.11990511	0.32610485	-0.10447886	0.36929214	-0.8189397
-0.2888873	-0.42940274	-0.029236434	0.34408593	0.3405415	-0.038572542	-0.9581442
-0.29100066	-0.5609324	-0.08824655	0.40590844	0.4209186	0.057918016	-0.9687399
-0.28358865	-0.33613372	0.34502634	0.07400463	0.38313326	0.14475341	-0.9931427
-0.2883874	-0.50275975	0.22755717	0.14488412	0.38452867	0.55538815	-0.995675
-0.05473125	-0.18423072	0.20888278	0.02492585	-0.031074023	0.51744866	-0.9892744
-0.20489313	-0.031131055	0.1906151	0.029865492	-0.39281285	0.3989199	-0.9444322
-0.06573711	0.10102723	0.48930573	-0.104701065	-0.6567102	0.4816622	-0.66091144
-0.14279434	-0.09364094	0.5640231	-0.04755039	-0.6358703	0.5489078	-0.6316829
-0.16788095	-0.07886058	0.38330817	0.068306945	-0.41487193	0.34337255	-0.8526148
-0.13631465	-0.19350083	0.40049988	0.031806823	-0.36307186	0.43740746	-0.942062
-0.18441601	-0.12791294	0.47812206	-0.1170484	-0.21643223	0.47978148	-0.9674763
-0.10146873	-0.015598328	0.63720727	-0.32659438	-0.090560004	0.6707365	-0.97860485
-0.16048841	-0.063989855	0.63816243	-0.31444687	0.027506713	0.6291638	-0.9866071
-0.07782352	0.12833802	0.22188681	-0.03909543	0.25266063	0.1256073	-0.97306365
-0.06258686	0.2920173	-0.01802537	0.1473163	0.10868431	-0.51788265	-0.89157134
-0.1178855	0.118382074	-0.29908863	0.50108063	0.10039196	-0.80383146	-0.72916067
-0.031301133	-0.10692322	-0.15786758	0.5009856	-0.22128728	-0.6221216	-0.8548603
-0.22821407	-0.48636132	-0.2540635	0.59351593	-0.46704957	-0.44329113	-0.99038565
-0.27980053	-0.35670927	0.06655744	0.46910948	-0.2952984	-0.23411557	-0.9948855
-0.35391858	-0.026702223	0.46553543	0.115333386	-0.04660717	-0.2900759	-0.99682826
-0.47890604	0.037033692	0.7155998	-0.1756943	0.09936843	-0.112523295	-0.991832
-0.44162288	0.1000123	0.75287336	-0.23284003	0.24690409	0.0045306073	-0.98371106
-0.42785278	0.14167501	0.5118669	0.044923708	0.21961558	-0.48670062	-0.9363107
-0.2983771	0.17952876	0.20435262	0.33552995	0.057746675	-0.7740722	-0.65650165
-0.20207836	-0.029700348	0.1196844	0.3366878	-0.14236307	-0.54791117	-0.8095038
-0.3334107	-0.35523292	0.06911726	0.4241499	-0.5106278	-0.31479722	-0.969002
-0.2769224	-0.26466417	0.36239034	0.12149405	-0.55552423	0.49171138	-0.98752207
-0.014263825	0.17154844	0.8085407	-0.4980454	-0.6539941	0.80662286	-0.99218124
0.1334617	0.62753254	0.80396295	-0.63018125	-0.62840754	0.53945607	-0.8991734
0.085227445	0.69083244	0.19091068	-0.24242248	-0.17497462	-0.66847664	-0.6577171
-0.0061254925	0.48895818	-0.32467812	0.089072816	0.3272492	-0.84698737	-0.7916871
-0.07847706	-0.023519052	-0.44164512	0.3776085	0.614325	-0.7549811	-0.9368757
0.017166717	-0.48084357	-0.51406944	0.70348936	0.55914336	-0.72800803	-0.95654607
0.2590128	-0.54728127	-0.7815282	0.84146	0.23974782	-0.81470734	-0.9551512
0.23610684	-0.34288892	-0.5862542	0.6671832	-0.35372964	-0.66063344	-0.97231114
0.1296785	-0.5303974	-0.795754	0.8270533	-0.34682718	-0.8155204	-0.9910527
0.0562718	-0.097320035	0.39224464	-0.15893342	-0.48363805	0.5825668	-0.9987599
0.23512678	0.46476078	0.86766577	-0.73898363	-0.61776036	0.8677923	-0.99935055
0.3067485	0.5890016	0.34486133	-0.3994061	-0.28729472	0.056841187	-0.9896717
0.35238788	0.70718306	-0.39414433	-0.0739063	0.07463673	-0.81719404	-0.90258896
0.20627435	0.29220417	-0.26732165	0.10344469	0.21807443	-0.6865426	-0.898497
0.17168392	-0.46932906	-0.48131981	0.63947845	0.41315582	-0.6173245	-0.940341
0.27199888	-0.69866383	-0.75881284	0.816009	0.07335261	-0.60505843	-0.98776895
0.53291416	-0.6258138	-0.96879417	0.9328282	0.05123509	-0.88511527	-0.98759604
0.281726	-0.17666157	-0.3475107	0.27663055	-0.48230872	0.069550626	-0.99248594
0.11421468	0.26845807	0.8453372	-0.6562897	-0.5926233	0.8133934	-0.99863195
0.0859632	0.3058678	0.7889795	-0.5535539	-0.39157793	0.53233194	-0.99799776
-0.0061202776	0.21529089	0.23896551	-0.049587924	-0.23261279	-0.39574817	-0.9843609
-0.20033275	-0.010910808	0.24417818	0.06925602	-0.1116903	-0.5052175	-0.8690638
-0.3962741	-0.46308282	0.5130168	0.14894003	-0.070045106	-0.04082149	-0.7816175
-0.41598547	-0.52323586	0.28585342	0.28494442	0.3391257	0.0016215579	-0.9805302
-0.30244243	-0.40621722	0.09478978	0.20906806	0.48255783	0.2693755	-0.9890969
-0.23100743	-0.12109756	0.28845462	0.030543428	0.4185609	0.18330473	-0.9766638
-0.24924774	-0.08482518	0.29008502	0.02544615	0.21930914	0.13299178	-0.8955583
-0.108088285	0.2276037	0.50873893	-0.19385849	0.11494822	0.09809091	-0.6697335
-0.13404307	0.119687796	0.44789445	-0.08728973	-0.13638021	0.22004336	-0.5498876
-0.14516436	0.056977097	0.37498814	0.0113296425	-0.36519155	0.19195901	-0.6064415
-0.19018489	-0.090602554	0.44702113	0.017416235	-0.45113796	0.39050722	-0.53081703
-0.1057785	-0.08564687	0.5335741	0.03540657	-0.4419239	0.45347658	-0.60771894
-0.026552068	-0.001525833	0.69420534	-0.24456084	-0.393841	0.71180767	-0.89715254
0.09941057	0.2656976	0.7441366	-0.49708995	-0.35174975	0.7357886	-0.97584856
0.051232267	0.2177261	0.5309699	-0.2976832	-0.42382303	0.55013007	-0.9796228
-0.102981135	0.017104268	0.31522873	-0.13896075	-0.5227731	0.44513556	-0.9792433
-0.14812844	0.11981948	0.5251074	-0.29236022	-0.4389943	0.6006185	-0.96087414
-0.20258872	0.03141134	0.73665226	-0.391462	-0.3106226	0.73099554	-0.9739374
-0.1266278	0.020420946	0.7193747	-0.3392353	-0.19599025	0.70431274	-0.9796465
0.04303329	0.12065914	0.5410213	-0.3067787	-0.10336569	0.562815	-0.9788427
0.04206537	0.27380186	0.33253804	-0.1788365	-0.21486267	0.16820864	-0.9137681
-0.06813844	0.119919755	0.338535	-0.16584828	-0.3151984	0.22179186	-0.9070309
-0.1289176	-0.12412481	0.51470864	-0.14119735	-0.4055717	0.52508867	-0.89601094
-0.12009767	-0.46512425	0.23532592	0.25666744	-0.22725026	0.47244096	-0.92632294
-0.01650139	-0.545811	-0.3866854	0.565141	0.095026344	-0.027515586	-0.9084169
-0.037639264	-0.27780172	-0.18891805	0.37265086	0.4227885	-0.36327362	-0.9317822
0.029280962	-0.34241226	0.04235706	0.21148615	0.5060371	0.12624529	-0.9505065
0.23542361	-0.06865511	0.4720179	-0.2212725	0.24623448	0.51463616	-0.9903751
0.28672692	0.07086145	0.31254864	-0.17498648	-0.07687377	0.5120907	-0.99408
0.27391928	0.36940756	0.3986608	-0.34895572	-0.46781877	0.2887672	-0.9756603
0.1546209	0.58816636	0.6248136	-0.46219796	-0.6224874	0.07672103	-0.81778044
0.08919933	0.50577384	0.66926634	-0.4829612	-0.5259467	0.20682777	-0.7980826
0.010749462	0.44599628	0.7453343	-0.50314504	-0.2666057	0.3947631	-0.9432649
-0.061148107	-0.051923685	0.5231918	-0.26024762	0.025705962	0.6283256	-0.9903765
0.029906888	-0.22461283	0.35131723	-0.06017079	0.022796674	0.6809682	-0.9923808
0.10863174	-0.14505874	0.40799654	-0.15576662	-0.22081114	0.74882215	-0.9856486
-0.08579304	-0.12586468	0.1992136	0.06323969	-0.28541228	0.49160174	-0.9419235
-0.17141248	-0.12378808	0.061245136	0.17642532	-0.47535866	0.35798028	-0.9204058
-0.31212774	0.08522076	0.27599567	-0.044712752	-0.29074854	0.36233056	-0.9528165
-0.2151011	0.22946599	0.5483861	-0.2665387	-0.28065783	0.5798261	-0.9442276
-0.22237824	0.022891382	0.6477654	-0.25200745	-0.16835153	0.66535735	-0.9804938
-0.061911244	-0.036273308	0.6130475	-0.22940446	-0.24115816	0.6721501	-0.9695331
0.04117175	-0.116023175	0.4300721	-0.027536463	-0.29029095	0.5114381	-0.93884134
0.025767969	-0.024216626	0.46418777	-0.20254672	-0.35300365	0.59520894	-0.95269144
0.027569339	0.032566532	0.5436794	-0.26592886	-0.3457112	0.65821284	-0.969473
0.05882533	0.09505219	0.59045947	-0.37857774	-0.47902325	0.7515047	-0.9855003
-0.07209298	0.32873276	0.59488857	-0.38724878	-0.43836635	0.44438577	-0.9860475
-0.18544875	0.44354886	0.6346009	-0.474749	-0.33372122	0.25925335	-0.9791059
-0.2558446	0.44112372	0.76276416	-0.4679825	-0.3295895	0.22076847	-0.95274174
-0.28374115	0.33167726	0.6896294	-0.44132075	-0.08575659	0.27170488	-0.9729825
-0.31952935	-0.016337268	0.6491613	-0.28572705	0.099960595	0.5882604	-0.99093264
-0.25800508	-0.20919944	0.5540451	-0.19203307	0.083192475	0.71734273	-0.9946624
-0.16814084	-0.16529498	0.5160501	-0.1417535	-0.094621435	0.7214507	-0.9870337
-0.09748871	0.28539857	0.46755734	-0.298383	-0.29126045	0.4434157	-0.963713
-0.16064855	0.56804186	0.60924107	-0.465871	-0.2996547	0.1657347	-0.9001249
-0.059251413	0.5306711	0.68464017	-0.5670742	-0.25521076	0.4391121	-0.89339995
-0.07025347	0.3843378	0.6318422	-0.44374517	-0.0136253005	0.46728754	-0.97084093
-0.06887621	-0.086072564	0.43462512	-0.24102779	0.006651333	0.6958367	-0.98749554
-0.06269206	-0.3745948	0.35307246	0.017611083	-0.15058346	0.7610961	-0.9820495
0.069598325	-0.1870353	0.48055792	-0.11718964	-0.40965658	0.7644965	-0.94731706
0.081192926	0.12670922	0.45690864	-0.2942579	-0.45439023	0.7253739	-0.8689642
0.1978252	0.33001387	0.440521	-0.47924703	-0.53145105	0.78475124	-0.8976586
-0.12044231	-0.0075360006	0.17875493	-0.12697257	-0.27223822	0.6197379	-0.9727717
-0.11743137	-0.18932658	-0.018146923	0.16872051	-0.20919527	0.43858057	-0.9472794
-0.17174546	-0.4262692	0.2115673	0.23657767	-0.23641323	0.5091221	-0.9013918
-0.1002828	-0.07638895	0.68783355	-0.22513974	-0.22585687	0.608969	-0.8557554
0.034132507	-0.09238843	0.6238381	-0.13724647	-0.2740893	0.54752505	-0.90621454
0.034131736	0.013585491	0.43834803	-0.19939648	-0.2428584	0.43534777	-0.9721975
0.10378463	0.15320985	0.37610072	-0.22338642	-0.31385013	0.4672347	-0.97926843
0.010913028	0.079777844	0.58983326	-0.34300515	-0.5563402	0.6606056	-0.9836229
-0.13035308	0.026931448	0.775277	-0.39140478	-0.65529686	0.7246165	-0.96982145
-0.33062467	-0.34321153	0.52841574	0.07883181	-0.460013	0.4270322	-0.93027055
-0.14298725	0.26551318	0.5800489	-0.24073619	-0.23860338	0.17466874	-0.8564099
-0.11412291	0.52273244	0.7840011	-0.605329	-0.10593736	0.4112787	-0.9190601
-0.2680126	0.23683432	0.67195415	-0.3720141	-0.16299172	0.44373396	-0.9657845
-0.34164515	-0.41560918	0.27451748	0.11446418	-0.124189675	0.5712996	-0.97255844
-0.28917933	-0.43283394	0.40745002	0.19523573	-0.29403657	0.4970825	-0.9112437
-0.40991768	-0.22838043	0.74580663	-0.086514615	-0.35020047	0.52165383	-0.79790086
-0.42781183	-0.15490381	0.84794784	-0.33397865	-0.22300549	0.70403004	-0.8733273
-0.4585853	0.088973664	0.63566786	-0.27149937	0.003096779	0.45092273	-0.96798724
-0.43609717	0.34373143	0.48557228	-0.2698305	-0.0626378	0.29280594	-0.95968795
-0.29075444	0.40912056	0.6511809	-0.36343482	-0.4034257	0.4088051	-0.75388485
-0.20929338	0.56260216	0.91230667	-0.656674	-0.6322641	0.5784564	-0.4446155
-0.18430614	0.2890991	0.8589792	-0.48916116	-0.6129401	0.49537796	-0.58902305
-0.17356421	0.34946808	0.7762025	-0.39057595	-0.47733712	0.17057036	-0.73896253
-0.23874891	0.2617413	0.6464216	-0.33846602	-0.29005963	0.11683137	-0.89850414
-0.18959023	0.31172848	0.7641598	-0.49934357	-0.2893147	0.4937478	-0.9444393
-0.3787606	-0.394529	0.54672295	0.01467589	-0.22800282	0.46927696	-0.9674151
-0.3584704	-0.54096323	0.42844778	0.19421218	-0.26370895	0.5216774	-0.9318315
-0.43611956	-0.47429442	0.41125017	0.2176859	-0.11438204	0.25711855	-0.93544483
-0.40039045	-0.19357792	0.5122927	-0.13203079	0.094544016	0.56578267	-0.9480521
-0.33073854	0.23898774	0.6601418	-0.4057863	-0.04528857	0.51992935	-0.96737856
-0.2894746	0.4114224	0.6886442	-0.49169424	-0.21026862	0.55097914	-0.9558672
-0.23290774	0.021514641	0.6855443	-0.26991615	-0.51130056	0.5084065	-0.828534
-0.1717929	-0.051869024	0.72910094	-0.1756733	-0.5732753	0.4215159	-0.57997626
-0.34465167	-0.2665913	0.62928474	0.00406342	-0.3845258	0.24627353	-0.7560317
-0.28204644	-0.035722457	0.7125132	-0.24450873	-0.2347445	0.40338683	-0.81377745
-0.39241207	-0.09559991	0.7010204	-0.26646474	-0.12579371	0.4783544	-0.9695516
-0.3701913	0.2147971	0.8458577	-0.60362357	-0.2394438	0.73460186	-0.98834205
-0.320113	0.42229688	0.8447401	-0.62666553	-0.37970528	0.6354876	-0.9841806
-0.21464366	0.6481107	0.87043947	-0.6765059	-0.5639546	0.4631704	-0.91852003
-0.20438293	0.54920405	0.8260628	-0.60890025	-0.5998338	0.35853273	-0.79175776
-0.18147635	0.52893573	0.87118584	-0.583993	-0.5973227	0.35846707	-0.516232
-0.29821202	0.13553731	0.6953777	-0.26830414	-0.4488085	0.21494159	-0.8133021
-0.1875954	0.19776413	0.6360026	-0.2467214	-0.42003104	0.26157585	-0.68754697
-0.26872644	0.047231983	0.6256668	-0.2285558	-0.35682306	0.39391097	-0.8040192
-0.19997847	0.029975312	0.7723398	-0.3969185	-0.43661925	0.6939768	-0.76870304
-0.20123923	-0.30570877	0.5516485	0.0076092803	-0.32637855	0.47912145	-0.76754916
-0.038681123	-0.30595404	0.12454292	0.2684984	-0.07738694	0.13948464	-0.6090969
-0.14053492	-0.36191338	-0.12703376	0.37736228	0.35926357	-0.3129307	-0.85433555
-0.13690114	-0.33640826	0.008603381	0.25550747	0.5013216	-0.14209792	-0.929543
-0.17297895	-0.32487097	0.28044167	0.10372169	0.4683712	-0.003952222	-0.98886144
-0.06949502	-0.34894198	0.3454365	0.023250248	0.3774245	0.467249	-0.9948913
0.14557242	-0.03718473	0.58685505	-0.32562256	-0.04446484	0.65704983	-0.99334425
0.20368314	0.17499718	0.69363064	-0.48571482	-0.42291373	0.75664294	-0.9858255
0.07058397	0.07079012	0.585723	-0.3564014	-0.55944276	0.63168067	-0.96244746
0.06005802	0.19932117	0.5723527	-0.3751801	-0.59803015	0.60210216	-0.9169032
-0.0074645085	0.08631226	0.5049061	-0.30937886	-0.35545394	0.5648894	-0.91475785
-0.0033803156	-0.0032746973	0.5722675	-0.3449744	-0.06303238	0.68432224	-0.9637757
-0.084087096	-0.14521267	0.42922768	-0.23079832	0.30271697	0.5921134	-0.98867625
-0.00055858487	-0.12729704	0.32144448	-0.18507154	0.43098053	0.60352314	-0.9927912
0.10060723	-0.027451798	0.07676007	-0.1290007	0.46228993	0.46747056	-0.9891352
0.20414351	0.03708086	-0.4205113	0.19226247	0.33185664	0.029045902	-0.94497657
0.1693631	-0.05071749	-0.25792798	0.20872559	-0.21129642	0.09141398	-0.8720445
0.09578438	-0.15295674	-0.04135219	0.16776687	-0.3671015	0.2743814	-0.8111773
0.1461652	-0.16855523	0.19711892	0.18809561	-0.41540968	0.32535082	-0.7683135
0.1715629	-0.20214759	0.015488245	0.25808778	-0.37762406	0.24184874	-0.92624754
0.2194356	0.13085508	0.37101093	-0.16322082	-0.18965043	0.35793486	-0.9562448
0.3393106	0.22777267	0.5502488	-0.38539878	-0.20535858	0.57288	-0.98557115
0.1251114	-0.042153608	0.35432822	-0.2140565	-0.2840743	0.4971361	-0.99294096
0.052456077	-0.15959993	0.13146406	-0.00077164156	-0.3716408	0.4138105	-0.9905401
-0.08743898	-0.186021	0.2563205	-0.016348097	-0.37606776	0.48679695	-0.9815561
-0.13031933	-0.15134577	0.57272905	-0.2382334	-0.24062814	0.6677843	-0.98014784
-0.26285154	-0.050969917	0.7165262	-0.37840518	0.053383514	0.6611948	-0.9897807
-0.18620232	-0.12159674	0.43685514	-0.104569696	0.23378848	0.4514853	-0.99167323
-0.13549425	0.23947316	0.012395686	0.03855971	0.35525727	-0.31854144	-0.96790886
-0.09450506	0.3057726	-0.3383988	0.31537652	0.3318152	-0.71912926	-0.8783569
-0.024907235	0.17112629	-0.08696546	0.31265822	0.0810057	-0.6249627	-0.8658071
-0.19130415	-0.3912412	-0.3025621	0.59744185	-0.40393773	-0.5670984	-0.98515576
-0.11176437	-0.56743675	-0.5061017	0.6965679	-0.73171777	-0.22548603	-0.99408466
-0.28003544	-0.35643214	-0.1397891	0.44739938	-0.7465729	-0.13876528	-0.9971877
-0.22767143	0.3157133	0.64110804	-0.23746398	-0.3600497	0.02217681	-0.9928661
-0.18928003	0.34313798	0.57800806	-0.10530053	0.13617465	-0.49565017	-0.99126285
-0.3630021	0.18123963	0.20240575	0.073700376	0.5315221	-0.7785059	-0.9897202
-0.43764588	-0.31369796	0.11448252	0.34693405	0.50265175	-0.5470025	-0.9733775
-0.60230637	-0.61106277	0.31036425	0.4543078	0.44455272	-0.2948433	-0.980505
-0.5901849	-0.63294476	0.6698316	0.30248064	-0.02095613	0.24658318	-0.90461737
-0.6184208	-0.24266948	0.8071816	0.010032198	-0.022119923	-0.019010488	-0.8307581
-0.6475359	-0.19647354	0.78374994	-0.011943905	-0.16608799	-0.08530959	-0.47900647
-0.6260146	-0.111202754	0.62065697	0.0939178	0.26294214	-0.45002538	-0.6953292
-0.58576894	-0.273729	0.33044314	0.21152186	0.47364807	-0.22404239	-0.8227139
-0.36337054	-0.0649119	0.44111806	-0.0021813924	0.5664905	0.04358573	-0.9319623
-0.41196927	-0.3641351	0.46611997	0.043736774	0.39084622	0.5339903	-0.9474527
-0.13122611	-0.09004876	0.44286722	-0.012987584	0.24264836	0.41255552	-0.9002692
-0.18596122	-0.04668877	0.30744484	0.05737792	-0.010238275	0.30734912	-0.67744505
-0.066634566	0.23626368	0.35229105	-0.061171576	-0.2636509	0.18919267	-0.4480428
-0.20309892	0.017237058	0.40910468	-0.017757293	-0.3251699	0.3115659	-0.40070525
-0.01260345	-0.018669879	0.32473347	0.12966087	-0.30889052	0.24081808	-0.3858799
-0.043999765	-0.2835362	0.075625554	0.31521884	-0.20824364	0.25148848	-0.7513531
0.10061343	-0.009205186	0.015254577	0.2564689	-0.14446004	-0.020347483	-0.7908504
-0.06551337	-0.15000454	0.005933105	0.20658031	0.010079608	0.17486542	-0.9495865
0.09786415	0.12160147	0.49461907	-0.27061585	-0.16612895	0.5471649	-0.97925776
0.14544202	0.20869823	0.6328849	-0.41987708	-0.24358617	0.6864733	-0.9941171
0.11567899	0.4229829	0.495656	-0.4286178	-0.4292966	0.33186725	-0.98734134
0.035728946	0.6220801	0.581556	-0.46765155	-0.40558276	-0.044085465	-0.9295611
0.02472722	0.5904605	0.6422415	-0.5321717	-0.38163587	0.13255388	-0.8708121
-0.13880599	0.22926037	0.7533259	-0.484321	-0.11376975	0.62045443	-0.9802747
-0.059136126	-0.20356026	0.53434396	-0.20863707	-0.103984356	0.7517924	-0.99367994
0.02125539	-0.20779078	0.36886656	-0.096830115	-0.08182926	0.7188093	-0.9902051
-0.055996876	-0.15906496	0.03499358	0.11326916	-0.24943808	0.47104216	-0.9692422
-0.24953993	-0.04581856	0.14983039	0.059563514	-0.22751658	0.34388086	-0.93164533
-0.22938527	0.15338755	0.42587653	-0.17407171	-0.35457712	0.51111674	-0.93761945
-0.30204675	0.11132792	0.7194056	-0.41739127	-0.16564384	0.74788046	-0.99066895
-0.080283366	0.061317522	0.6757741	-0.36448845	-0.20021081	0.7511481	-0.99140126
0.055693217	0.05586653	0.49374524	-0.19868228	-0.26033765	0.5621262	-0.98192304
0.09853715	0.14899106	0.5033075	-0.34575623	-0.33607882	0.5819245	-0.9658838
0.1010876	0.19207273	0.6665894	-0.4562592	-0.36772028	0.7002336	-0.96736604
0.09620155	0.043232776	0.5980335	-0.4153771	-0.44014606	0.7752839	-0.9885912
0.048811864	-0.011564156	0.4816679	-0.27497983	-0.4066503	0.68708235	-0.99021035
-0.09058742	-0.11788033	0.35709867	-0.14013974	-0.48857957	0.6159268	-0.9819232
-0.19314446	-0.054282866	0.5082389	-0.20967935	-0.46664888	0.59511924	-0.9443456
-0.1682114	0.102348424	0.6726354	-0.393447	-0.27351967	0.6468197	-0.9453846
-0.22669508	-0.080979496	0.6862057	-0.30903316	-0.05706712	0.6555018	-0.9725016
-0.25664836	-0.10589935	0.49579298	-0.20806085	0.3118224	0.47425932	-0.9905577
-0.18517137	-0.15624666	0.29432228	-0.052207567	0.34926403	0.43745816	-0.98921305
-0.11023174	0.023584418	0.4333902	-0.2152034	0.260782	0.44601303	-0.98716897
-0.01618548	0.13833615	0.39822257	-0.1332569	0.031228429	0.30020505	-0.93750715
0.04532053	0.2942893	0.47953966	-0.19143353	-0.2315729	0.11444293	-0.7506332
-0.06633703	0.18564492	0.42137033	0.034134794	-0.36174098	-0.1563905	-0.21413998
-0.10728659	0.030908065	0.38069385	0.21944153	-0.33992404	-0.27626795	0.26983133
